NR,Jahr,Name,Technik,Höhe,Breite
1,2025,Herbstwald,Acryl auf Leinwand,100,100
2,2012,Zusammenprall der Elemente,Öl auf Leinwand,80,100
3,2016,Eruption,Acryl auf Leinwand,100,100
4,2022,Im Fluss,Acryl auf Leinwand,90,70
5,2010,Der Adlerjäger,Öl auf Leinwand,70,100
6,2024,Der Tanz,Acryl auf Leinwand,60,80
7,2026,Chioggia,Acryl auf Leinwand,50,50
8,2022,Gemeinsam,Acryl auf Leinwand,80,80
9,2025, Wohin wir gehen 1,Acryl auf Leinwand,80,80
10,2026,Wohin wir gehen 2,Acryl auf Leinwand,50,50
11,2026,Der Traum,Acryl auf Leinwand,95,75
12,2017,Still,Acryl auf Leinwand,80,80
13,2026,Still 2,Acryl auf Leinwand,40,40